Thématique Ministère de la Culture,Thématique AT 1,Sous-thématique AT 1,Thématique AT 2,Sous-thématique AT 2,Thématique AT 3,Sous-thématique AT 3
Démocratisation,Culture et identité collective / patrimoine / sports,,,,,
Développement culturel,Culture et identité collective / patrimoine / sports,,,,,
Développement durable,Culture et identité collective / patrimoine / sports,,,,,
Education aux médias et à l'information (EMI),Culture et identité collective / patrimoine / sports,Médias et communication,Solidarités / lien social,Education et renforcement des compétences,,
"Emploi, travail, formation, professions culturelles",Culture et identité collective / patrimoine / sports,,Développement économique / production et consommation,Emploi,Développement économique / production et consommation,Formation professionnelle
Enseignement supérieur,Culture et identité collective / patrimoine / sports,,Développement économique / production et consommation,Formation professionnelle,,
"Handicap, accessibilité",Culture et identité collective / patrimoine / sports,,Solidarités / lien social,Handicap,,
Pratiques culturelles,Culture et identité collective / patrimoine / sports,,,,,
Éducation artistique et culturelle,Culture et identité collective / patrimoine / sports,,Solidarités / lien social,Education et renforcement des compétences,,
Égalité entre femmes et hommes,Culture et identité collective / patrimoine / sports,,Solidarités / lien social,Egalité des chances,,
Architecture,Culture et identité collective / patrimoine / sports,Patrimoine et monuments historiques,Urbanisme / logement / aménagement,Architecture,,
Cinéma,Culture et identité collective / patrimoine / sports,Médias et communication,,,,
Arts plastiques,Culture et identité collective / patrimoine / sports,Arts plastiques et photographie,,,,
Design,Culture et identité collective / patrimoine / sports,Arts plastiques et photographie,,,,
Mode,Culture et identité collective / patrimoine / sports,Arts plastiques et photographie,,,,
Métiers d'art,Culture et identité collective / patrimoine / sports,Arts plastiques et photographie,,,,
Photographie,Culture et identité collective / patrimoine / sports,Arts plastiques et photographie,,,,
Droit de la culture et de la communication,Culture et identité collective / patrimoine / sports,Médias et communication,,,,
Europe et international,Culture et identité collective / patrimoine / sports,,,,,
Histoire des politiques culturelles,Culture et identité collective / patrimoine / sports,,,,,
Bande dessinée,Culture et identité collective / patrimoine / sports,Bibliothèques et livres,,,,
Industries musicales,Culture et identité collective / patrimoine / sports,Spectacle vivant,,,,
Jeu vidéo,Culture et identité collective / patrimoine / sports,Médias et communication,Culture et identité collective / patrimoine / sports,Sports et loisirs,,
Livre et lecture,Culture et identité collective / patrimoine / sports,Bibliothèques et livres,,,,
Propriété littéraire et artistique,Culture et identité collective / patrimoine / sports,Bibliothèques et livres,,,,
Édition,Culture et identité collective / patrimoine / sports,Bibliothèques et livres,,,,
Innovation numérique,Culture et identité collective / patrimoine / sports,Médias et communication,Développement économique / production et consommation,Technologies numériques et numérisation,,
Francophonie,Culture et identité collective / patrimoine / sports,Culture et identité collective,,,,
Langue française,Culture et identité collective / patrimoine / sports,Culture et identité collective,,,,
Langues régionales,Culture et identité collective / patrimoine / sports,Culture et identité collective,,,,
Multilinguisme,Culture et identité collective / patrimoine / sports,Culture et identité collective,,,,
Mécénat,Culture et identité collective / patrimoine / sports,,,,,
Audiovisuel,Culture et identité collective / patrimoine / sports,Médias et communication,,,,
Presse écrite,Culture et identité collective / patrimoine / sports,Médias et communication,,,,
Publicité,Culture et identité collective / patrimoine / sports,Médias et communication,,,,
Parcs et jardins,Culture et identité collective / patrimoine / sports,Patrimoine et monuments historiques,Urbanisme / logement / aménagement,Espaces verts,,
Archives,Culture et identité collective / patrimoine / sports,Culture et identité collective,,,,
Archéologie,Culture et identité collective / patrimoine / sports,Patrimoine et monuments historiques,,,,
Circulation des biens culturels,Culture et identité collective / patrimoine / sports,Patrimoine et monuments historiques,,,,
Connaissance des patrimoines,Culture et identité collective / patrimoine / sports,Patrimoine et monuments historiques,,,,
Conservation-restauration,Culture et identité collective / patrimoine / sports,Patrimoine et monuments historiques,,,,
Ethnologie,Culture et identité collective / patrimoine / sports,Patrimoine et monuments historiques,,,,
Monuments historiques et sites patrimoniaux,Culture et identité collective / patrimoine / sports,Patrimoine et monuments historiques,,,,
"Musées, lieux d'exposition",Culture et identité collective / patrimoine / sports,Patrimoine et monuments historiques,Culture et identité collective / patrimoine / sports,Musée,,
Patrimoine culturel immatériel,Culture et identité collective / patrimoine / sports,Patrimoine et monuments historiques,,,,
Protection du patrimoine,Culture et identité collective / patrimoine / sports,Patrimoine et monuments historiques,,,,,
"Sécurité, sûreté",Culture et identité collective / patrimoine / sports,Patrimoine et monuments historiques,,,,
1% artistique,Culture et identité collective / patrimoine / sports,,,,,
Pass Culture,Culture et identité collective / patrimoine / sports,,,,,
Villes et pays d'art et d'histoire,Culture et identité collective / patrimoine / sports,,,,,,,,,
"Pratiques, consommations et usages culturels",Culture et identité collective / patrimoine / sports,,,,,
"Sorties, expositions",Culture et identité collective / patrimoine / sports,Musée,,,,
Arts de la marionnette,Culture et identité collective / patrimoine / sports,Spectacle vivant,,,,,,,
Arts de la rue,Culture et identité collective / patrimoine / sports,Spectacle vivant,,,,,
Arts du cirque,Culture et identité collective / patrimoine / sports,Spectacle vivant,,,,,
Danse,Culture et identité collective / patrimoine / sports,Spectacle vivant,,,,
Musique,Culture et identité collective / patrimoine / sports,Spectacle vivant,,,,
Théâtre,Culture et identité collective / patrimoine / sports,Spectacle vivant,,,,
Études et statistiques,Culture et identité collective / patrimoine / sports,,,,,
Spectacle vivant,Culture et identité collective / patrimoine / sports,Spectacle vivant,,,,,,,
Médias,Culture et identité collective / patrimoine / sports,Médias et communication,,,,
Patrimoines,Culture et identité collective / patrimoine / sports,Patrimoine et monuments historiques,,,,
Accès à la culture,Culture et identité collective / patrimoine / sports,,,,,
Politiques culturelles,Culture et identité collective / patrimoine / sports,,,,,
Arts visuels,Culture et identité collective / patrimoine / sports,Spectacle vivant,,,,
Égalité et diversité,Culture et identité collective / patrimoine / sports,,Solidarités / lien social,Egalité des chances,Solidarités / lien social,Egalité des chances
Evénements nationaux,Culture et identité collective / patrimoine / sports,,,,,
Eté culturel,Culture et identité collective / patrimoine / sports,,,,,
Festival de l'Histoire de l'Art,Culture et identité collective / patrimoine / sports,Arts plastiques et photographie,Culture et identité collective / patrimoine / sports,Musée,,
Fête de la musique,Culture et identité collective / patrimoine / sports,Culture et identité collective,,,,
Journées Européennes de l'Archéologie,Culture et identité collective / patrimoine / sports,Patrimoine et monuments historiques,,,,
Journées Européennes du Patrimoine,Culture et identité collective / patrimoine / sports,Patrimoine et monuments historiques,,,,
Nuit européenne des musées,Culture et identité collective / patrimoine / sports,Musée,,,,
Rendez-vous aux jardins,Culture et identité collective / patrimoine / sports,Patrimoine et monuments historiques,,,,
langues de France,Culture et identité collective / patrimoine / sports,Culture et identité collective,,,,
Sciences du patrimoine,Culture et identité collective / patrimoine / sports,Patrimoine et monuments historiques,,,,
Création artistique,Culture et identité collective / patrimoine / sports,,,,,
Industries culturelles et créatives,Culture et identité collective / patrimoine / sports,,,,,
