Bénéficiaires Pays de la Loire,Bénéficiaires AT 1,Bénéficiaires AT 2,Bénéficiaires AT 3,Bénéficiaires AT 4,Bénéficiaires AT 5
Collectivités - Institutions - GIP,Communes,Intercommunalité / Pays,Départements,"Entreprises publiques locales (Sem, Spl, SemOp)","Établissements publics (écoles, bibliothèques…) / Services de l'État"
Association,Associations,,,,
Associations,Associations,,,,
Entreprise,Entreprises privées,,,,
Entreprises,Entreprises privées,,,,
Etablissements ESR - Organismes de recherche,Recherche,,,,
Lycées et centres de formation,"Établissements publics (écoles, bibliothèques…) / Services de l'État",,,,
Jeunes,Particuliers,,,,
Particuliers,Particuliers,,,,
