departement;porteur_id;porteur_name;appelation;beneficiaire;annee;echeancier;projet;cout_total_ht;subvention_accordee;code_insee_siren
78;429;Préfectures de département;DETR;AIGREMONT;2019;;Installation d’un vidéoprojecteur interactif dans une salle de l’école de la Forêt;2 495;998;
78;429;Préfectures de département;DETR;ANDELU;2019;;Installation d’une pompe à chaleur à l’école Mireille Poupart;12 294;3 688;
78;429;Préfectures de département;DETR;ANDELU;2019;;Remplacement du mobilier du restaurant scolaire;7 245;2 174;
78;429;Préfectures de département;DETR;Andrésy;2019;;Rénovation et mise aux normes du complexe socioculturel et sportif Louise Weiss (tranche ferme);3 504 500;214 500;
78;429;Préfectures de département;DETR;Arnouville-les-Mantes;2019;;Installation d’un plan particulier de mise en sûreté à l’école élémentaire;3 036;1 214;
78;429;Préfectures de département;DETR;AUFFARGIS;2019;;Installation d’un système de vidéoprotection (rue Creuse, foyer rural, tennis, rues des Essarts, de l’Artoire, du Pont des Murgers, du Perray, de Saint Benoît, centre technique municipal et hameau de Saint Benoît);208 829;62 649;
78;429;Préfectures de département;DETR;Auffreville-Brasseuil;2019;;Construction d’un accès indépendant vers le logement de la mairie;25 555;7 667;
78;429;Préfectures de département;DETR;Auffreville-Brasseuil;2019;;Installation d’un système de vidéoprotection sur les cinq entrées/sorties de la commune;48 738;14 621;
78;429;Préfectures de département;DETR;BENNECOURT;2019;;Installation d’un tableau numérique interactif dans une classe de l’école élémentaire;6 408;2 000;
78;429;Préfectures de département;DETR;BEYNES;2019;;Mise aux normes de l’école élémentaire Anatole France;203 911;61 173;
78;429;Préfectures de département;DETR;BLARU;2019;;Installation d’un système de vidéoprotection à la mairie, sur le parking de la salle des fêtes et sur la place Saint Hilaire;29 949;11 980;
78;429;Préfectures de département;DETR;Boissy-Mauvoisin;2019;;Remplacement des huisseries de la salle des fêtes (4 fenêtres et 2 portes d’entrée façade arrière);10 030;3 009;
78;429;Préfectures de département;DETR;Boissy-sans-Avoir;2019;;Mise en conformité PMR de la mairie, de la salle des fêtes, de l’église, de l’ancien et du nouveau cimetière et de l’école (année 2019);17 580;3 540;
78;429;Préfectures de département;DETR;BONNELLES;2019;;Remplacement des baies de quatre classes et du bureau de la directrice à l’école élémentaire de l’Orangerie;24 500;17 395;
78;429;Préfectures de département;DETR;Bonnières-sur-Seine;2019;;Remplacement des portes et des fenêtres et installation d’une climatisation au foyer du 3ème âge;32 244;9 673;
78;429;Préfectures de département;DETR;Carrières-sur-Seine;2019;;Mise en place de 23 caméras de vidéoprotection urbaine;307 711;92 313;
78;429;Préfectures de département;DETR;Cernay-la-Ville;2019;;Equipement d’une classe de l’école maternelle en tableau numérique interactif;3 225;1 290;
78;429;Préfectures de département;DETR;CHAVENAY;2019;;Equipement de trois classes de l’école maternelle en vidéoprojecteurs interactifs;10 905;4 362;
78;429;Préfectures de département;DETR;CHOISEL;2019;;Aménagement d’une auberge dans le bâtiment situé 2, rue de la Maison Forte;455 918;127 000;
78;429;Préfectures de département;DETR;Communauté de communes de la Haute Vallée de Chevreuse;2019;;Mise en place d’une liaison douce sur le chemin Jean Racine - section carrefour du roi de Rome (commune de Chevreuse) à la D46 (commune de Saint Lambert);79 608;23 882;
78;429;Préfectures de département;DETR;Communauté de communes des Portes d’Ile de France;2019;;Création de courts de tennis couverts et d’un boulodrome au complexe sportif de Bonnières sur Seine;1 890 467;195 000;
78;429;Préfectures de département;DETR;Communauté de communes du Pays Houdanais;2019;;Aménagement d’une zone d’activité Boeuf Couronné sur la commune de Bazainville;222 717;89 087;
78;429;Préfectures de département;DETR;Crespières;2019;;Construction d’une maison de santé pluridisciplinaire;1 092 000;197 186;
78;429;Préfectures de département;DETR;ECQUEVILLY;2019;;Mise en accessibilité du groupe scolaire Victor Hugo, de l’Hôtel de Ville, du centre communal polyvalent, du pôle multimédia et du groupe scolaire Jules Ferry;137 829;55 132;
78;429;Préfectures de département;DETR;Fontenay-le-Fleury;2019;;Réhabilitation du Gymnase Pergaud;847 928;117 000;
78;429;Préfectures de département;DETR;Fontenay-Mauvoisin;2019;;Création de trois logements dans l’ancienne mairie;390 000;117 000;
78;429;Préfectures de département;DETR;FRENEUSE;2019;;Acquisition de quatre vidéoprojecteurs et d’un tableau numérique interactif pour les écoles Paul Eluard, Victor Hugo et Langevin Wallon;11 569;4 628;
78;429;Préfectures de département;DETR;GAMBAISEUIL;2019;;Mise en conformité et accessibilité PMR de la mairie (mise en place d’un système d’appel sonore à la porte d’accès aux services administratifs, aménagement du sanitaire du rez-de-chaussée et accès au bureau du maire);5 560;1 668;
78;429;Préfectures de département;DETR;ISSOU;2019;;Aménagement et réhabilitation de la Maison des Jeunes (2ème phase);26 278;7 884;
78;429;Préfectures de département;DETR;JAMBVILLE;2019;;Rénovation thermique de la toiture et du premier étage du bâtiment de la mairie;60 505;18 152;
78;429;Préfectures de département;DETR;Jouars-Pontchartrain;2019;;Aménagement de sanitaires PMR au foyer rural;69 725;20 918;
78;429;Préfectures de département;DETR;Jouars-Pontchartrain;2019;;Rénovation thermique du gymnase Phélypeaux;28 055;8 417;
78;429;Préfectures de département;DETR;JUZIERS;2019;;Réhabilitation du restaurant scolaire des Armoulins (charpente, ossature et murs bois, couverture, menuiseries extérieures, cloisons, doublage, faux plafonds et menuiseries intérieures);615 823;117 000;
78;429;Préfectures de département;DETR;La Villeneuve-en-Chevrie;2019;;Installation « plan particulier de mise en sécurité » interconnecté sur les bâtiments de l’école maternelle, de l’école primaire et de la garderie;7 134;2 854;
78;429;Préfectures de département;DETR;Le Mesnil-Saint-Denis;2019;;Déplacement de l’arrêt de bus Le Mousseau et création d’un quai de bus accessible aux PMR dans chaque sens de circulation;13 727;8 118;
78;429;Préfectures de département;DETR;Les Essarts-le-Roi;2019;;Mise en accessibilité de l’école maternelle de La Romanie;68 502;20 551;
78;429;Préfectures de département;DETR;Les Loges-en-Josas;2019;;Acquisition d’un tableau numérique interactif pour une classe de l’école élémentaire;3 035;1 214;
78;429;Préfectures de département;DETR;Les Loges-en-Josas;2019;;Extension d’un bâtiment communal et mise aux normes de l’assainissement situé chemin du Trou Salé;208 873;62 662;
78;429;Préfectures de département;DETR;Limetz-Villez;2019;;Installation d’un tableau numérique interactif dans une classe élémentaire;3 023;1 209;
78;429;Préfectures de département;DETR;LOMMOYE;2019;;Rénovation thermique du complexe mairie-école;158 932;47 680;
78;429;Préfectures de département;DETR;MAGNANVILLE;2019;;Extension du groupe scolaire Les Marronniers avec une structure en bois;386 279;115 884;
78;429;Préfectures de département;DETR;Mantes-la-Ville;2019;;Remplacement de quatre mâts d’éclairage au stade Aimé Bergeal;411 305;117 000;
78;429;Préfectures de département;DETR;Mareil-sur-Mauldre;2019;;travaux de mise en accessibilité de l’école et du centre socioculturel et sécurisation des abords de ces bâtiments et de la crèche, allée des Crayons;90 550;49 803;
78;429;Préfectures de département;DETR;Mareil-sur-Mauldre;2019;;mise en place d’éclairages LED sur les deux courts intérieurs de tennis;35 146;10 544;
78;429;Préfectures de département;DETR;MAULE;2019;;Installation de deux chaudières à gaz à l’école maternelle Charcot;59 913;17 974;
78;429;Préfectures de département;DETR;MAULE;2019;;Mise en accessibilité PMR des bâtiments communaux (ancienne mairie et annexes);12 500;3 750;
78;429;Préfectures de département;DETR;MAURECOURT;2019;;Installation d’un tableau numérique interactif dans les écoles élémentaires des Tilleuls et de La Cerisaie;10 951;4 000;
78;429;Préfectures de département;DETR;Mézy-sur-Seine;2019;;Installation de volets aluminium et de fenêtres avec vitrage isolant à la mairie;60 068;24 027;
78;429;Préfectures de département;DETR;Mézy-sur-Seine;2019;;Acquisition de deux TNI pour la classe moyenne section de l’école maternelle et la future salle informatique;4 710;1 884;
78;429;Préfectures de département;DETR;MILLEMONT;2019;;Aménagement de liaisons douces chemins aux Boeufs, de la Croix Blanche et de la Butte à Gautier, et installation de bornes forestières;361 948;121 586;
78;429;Préfectures de département;DETR;Milon-la-Chapelle;2019;;Création d’un chemin piétonnier route de Romainville (2ème tranche);79 224;23 767;
78;429;Préfectures de département;DETR;Milon-la-Chapelle;2019;;Remplacement des fenêtres de la mairie;9 945;2 984;
78;429;Préfectures de département;DETR;Montalet-le-Bois;2019;;Mise en accessibilité de l’école, de la cantine, de l’église, du cimetière, de la mairie et de la salle communale;74 010;29 604;
78;429;Préfectures de département;DETR;MONTESSON;2019;;Extension du dispositif de vidéoprotection sur la commune (2ème tranche);387 800;116 340;
78;429;Préfectures de département;DETR;MONTESSON;2019;;Extension de l’école maternelle Marie Laurencin;398 000;117 000;
78;429;Préfectures de département;DETR;Notre-Dame-de-la-Mer;2019;;Mise en accessibilité de la salle des fêtes du hameau de la Haie de l’Ecu et de la mairie déléguée de Port Villez;7 941;3 176;
78;429;Préfectures de département;DETR;ORGERUS;2019;;Création de dessertes piétonnières pour la rue de Béconcelle;773 664;117 000;
78;429;Préfectures de département;DETR;ORVILLIERS;2019;;Installation d’un tableau numérique interactif à l’école élémentaire;3 909;1 564;
78;429;Préfectures de département;DETR;OSMOY;2019;;Aménagement d’une cuisine de réchauffage du restaurant scolaire;44 430;17 772;
78;429;Préfectures de département;DETR;PERDREAUVILLE;2019;;Installation de deux vidéosurveillances aux abords de la mairie, de la salle polyvalente et de l’aire de jeux;4 901;1 470;
78;429;Préfectures de département;DETR;Poigny-la-Forêt;2019;;Travaux de rénovation thermique dans la classe maternelle et de réhabilitation des sanitaires des classes primaires;20 646;6 194;
78;429;Préfectures de département;DETR;RAIZEUX;2019;;Isolation extérieure de la salle polyvalente;213 139;63 942;
78;429;Préfectures de département;DETR;Rambouillet;2019;;Réalisation de deux micro-crèches sur les communes de Longvilliers et Cernay-la-Ville;992 450;211 575;
78;429;Préfectures de département;DETR;Rosny-sur-Seine;2019;;Acquisition de cinq tableaux numériques interactifs pour l’école élémentaire de la Justice;8 546;3 419;
78;429;Préfectures de département;DETR;Rosny-sur-Seine;2019;;Acquisition d’un tableau numérique interactif pour l’école élémentaire de la Justice;990;396;
78;429;Préfectures de département;DETR;SAILLY;2019;;Mise en accessibilité de l’église et aménagement d’une place de parking PMR;10 840;4 336;
78;429;Préfectures de département;DETR;SAILLY;2019;;Remplacement de l’éclairage de la salle polyvalente par la mise en place de LED;4 625;1 850;
78;429;Préfectures de département;DETR;Saint-Cyr-l'École;2019;;Construction d’un pôle sportif Pierre Mazeaud (ZAC Renard);5 565 000;156 000;
78;429;Préfectures de département;DETR;Saint-Cyr-l'École;2019;;Création d’un relais d’assistantes maternelles;103 500;35 121;
78;429;Préfectures de département;DETR;Saint-Germain-en-Laye;2019;;Extension de la vidéoprotection sur le territoire de Fourqueux (place de la mairie, espace Delanoé, stade, 4 chemins) et à Saint Germain en Laye (école des Sources et école Marie Curie);247 945;74 384;
78;429;Préfectures de département;DETR;Saint-Germain-en-Laye;2019;;Installation de vidéoprojecteurs interactifs dans cinq classes de l’école Charles Bouvard à Fourqueux;12 007;4 803;
78;429;Préfectures de département;DETR;Saint-Illiers-la-Ville;2019;;Amélioration de l’isolation de la salle du restaurant communal;8 417;3 367;
78;429;Préfectures de département;DETR;Saint-Martin-des-Champs;2019;;Aménagement d’un ancien garage attenant à l’école en accès principal d’une classe et installation de 2 sanitaires dont 1 PMR;53 342;21 337;
78;429;Préfectures de département;DETR;SI pour le musée promenade de Marly le Roi Louveciennes;2019;;Mise en accessibilité du musée promenade de Marly Louveciennes;54 366;16 310;
78;429;Préfectures de département;DETR;SI pour le musée promenade de Marly le Roi Louveciennes;2019;;Isolation thermique du musée promenade de Marly Louveciennes;67 200;20 160;
78;429;Préfectures de département;DETR;SICOREM;2019;;Remplacement du chauffage électrique au sol et au plafond de lasalle de réunion par une pompe à chaleur réversible gymnase Michel Jazy et mise en place d’éclairages à tubes LED dans le gymnase Michel Jazy et gymnase de la Montcient à Gaillon surMontcient;51 082;20 433;
78;429;Préfectures de département;DETR;SIVOM de la Région de Chevreuse;2019;;aménagement et réhabilitation thermique de la salle des sports du SIVOM;786 000;127 600;
78;429;Préfectures de département;DETR;SIVOS Boinvilliers- Flacourt-Rosay-Villette;2019;;Acquisition d’un vidéoprojecteur interactif pour l’école de Rosay;2 979;1 192;
78;429;Préfectures de département;DETR;SIVOS Mondreville Tilly;2019;;Installation de vidéoprojecteurs interactifs dans deux classes, à l’école de Tilly;4 905;1 962;
78;429;Préfectures de département;DETR;SIVOS Pointe du Diamant;2019;;Installation d’un TNI dans la classe de CE2/CM1 de l’école primaire de Boinville le Gaillard;3 629;1 589;
78;429;Préfectures de département;DETR;SOINDRES;2019;;Remplacement des menuiseries extérieures de la mairie (fenêtres, porte-fenêtres et volants roulants);45 946;13 784;
78;429;Préfectures de département;DETR;SOINDRES;2019;;Mise aux normes d’accessibilité de la mairie;32 250;9 675;
78;429;Préfectures de département;DETR;Syndicat intercommunal d’aménagement Jouy- Vélizy;2019;;Réfection de la toiture et mise en place d’une isolation thermique du gymnase de la Cour Roland;650 835;117 000;
78;429;Préfectures de département;DETR;Tacoignières;2019;;Aménagement d’un parcours sportif de plein air;21 129;8 452;
78;429;Préfectures de département;DETR;Tessancourt-sur-Aubette;2019;;Travaux de menuiseries et de vitrerie à l’école;8 001;2 400;
78;429;Préfectures de département;DETR;Tessancourt-sur-Aubette;2019;;Installation d’une rampe d’accès entre les deux cours de l’école et d’une main courante à l’église;25 448;7 635;
78;429;Préfectures de département;DETR;Thiverval-Grignon;2019;;Réfection totale de l’installation électrique de l’école maternelle située Grande rue;17 390;5 217;
78;429;Préfectures de département;DETR;Thiverval-Grignon;2019;;Construction et aménagement d’équipements multisports à Folleville;64 523;34 357;
78;429;Préfectures de département;DETR;TILLY;2019;;Remplacement des fenêtres de la mairie;20 194;8 078;
78;429;Préfectures de département;DETR;Toussus-le-Noble;2019;;Installation d’un tableau numérique interactif dans une classe de l’école élémentaire;2 725;1 090;
78;429;Préfectures de département;DETR;Toussus-le-Noble;2019;;Travaux de mise aux normes à l’école;51 309;15 393;
78;429;Préfectures de département;DETR;Verneuil-sur-Seine;2019;;Mise en accessibilité du 1er étage suite au regroupement de la direction communale des affaires sociales dans le bâtiment du multi accueil Pom Pouce;58 257;17 477;
78;429;Préfectures de département;DETR;Verneuil-sur-Seine;2019;;Equipement en TNI d’une classe de l’école primaire Jaurès et d’une nouvelle classe à l’école La Garenne;10 649;4 000;
78;429;Préfectures de département;DETR;Verneuil-sur-Seine;2019;;Réhabilitation et mise aux normes des écoles maternelles Jacques Prévert, Jean Jaurès, La Garenne et Chemin Vert;153 389;61 356;
78;429;Préfectures de département;DETR;Verneuil-sur-Seine;2019;;Réhabilitation et mise aux normes d’accessibilité du bâtiment communal Le Grand Colombier;75 000;22 500;
78;429;Préfectures de département;DETR;VICQ;2019;;Isolation de la toiture du musée communal;39 260;21 178;
78;429;Préfectures de département;DETR;LE PECQ;2020;;Déploiement d’un système de vidéoprotection (1ère tranche : 16 caméras);318 278;95 484;
78;429;Préfectures de département;DETR;Aulnay-sur-Mauldre;2020;;Rénovation de l’église Saint-Etienne (1ère tranche);428 428;66 743;
78;429;Préfectures de département;DETR;Aulnay-sur-Mauldre;2020;;Rénovation thermique de l’école : remplacement des menuiseries extérieures;123 140;36 942;
78;429;Préfectures de département;DETR;HOUDAN;2020;;Extension du système de vidéoprotection : installation de neuf capteurs supplémentaires aux ronds-points des rues d’Epernon, d’Anet et de Paris;67 800;20 340;
78;429;Préfectures de département;DETR;LONGNES;2020;;Réfection de la toiture de l’église (tranche 1 : choeur et chapelles);334 151;131 990;
78;429;Préfectures de département;DETR;SIVOS Boinvilliers-Flacourt- Rosay-Villette;2020;;Acquisition d’un vidéoprojecteur interactif pour l’école de Boinvilliers;2 979;1 192;
78;429;Préfectures de département;DETR;Béhoust;2020;;Extension de l’école primaire : création d’une salle de classe, aménagements de sanitaires et de l’entrée;255 280;105 064;
78;429;Préfectures de département;DETR;Saulx-Marchais;2020;;Construction d’un centre technique municipal;292 521;87 756;
78;429;Préfectures de département;DETR;Thiverval-Grignon;2020;;Remplacement du tableau numérique interactif à l’école maternelle Les Erables et acquisition d’une « Apple TV »;3 074;1 230;
78;429;Préfectures de département;DETR;AIGREMONT;2021;09/2021 – 12/2021;Mise en place d’un outil de maîtrise et de pilotage de la consommation énergétique au niveau de la mairie 5 place du Château et remplacement de la chaudière de la mairie au 67 Grande Rue;21 072;4 425;
78;429;Préfectures de département;DETR;ALLAINVILLE;2021;01/06/2021;Renouvellement du matériel informatique dans le cadre du dispositif Actes;4 601;1 841;
78;429;Préfectures de département;DETR;Les Alluets-le-Roi;2021;08/2021 – 12/2022;Construction d'un ALSH et d'un restaurant dans le groupe scolaire Roger Gousseau;1 302 950;117 000;
78;429;Préfectures de département;DETR;Andrésy;2021;07/2021 – 10/2021;Travaux de rénovation des systèmes de chauffage et de la toiture du bâtiment Les Petits Princes (centre de loisirs et relais assistantes maternelles);246 704;74 010;
78;429;Préfectures de département;DETR;AUFFREVILLE-BRASSEUIL;2021;09/2021 – 10/2021;Réaménagement de l’ancienne salle de classe attenante à la mairie en salle de réunion et de travail et acquisition de matériel informatique;16 969;3 189;
78;429;Préfectures de département;DETR;AUTOUILLET;2021;07/2021 – 10/2021;Agrandissement de la mairie dans l’ancienne école;83 137;24 941;
78;429;Préfectures de département;DETR;AUTOUILLET;2021;06/2021 – 07/2021;Création d’une troisième classe à l’école primaire;23 001;6 900;
78;429;Préfectures de département;DETR;BAZEMONT;2021;07/2021 – 08/2021;Equipement d’une classe de CE1 de l’école La Fraternelle en TNI et matériel informatique;3 207;1 283;
78;429;Préfectures de département;DETR;BEYNES;2021;01/06/2021;Réaménagement du premier étage de l’hôtel de ville;122 617;36 785;
78;429;Préfectures de département;DETR;BOINVILLE-EN-MANTOIS;2021;01/06/2021;Remplacement du système de chauffage actuel de la salle polyvalente La Chardonnière par des cassettes rayonnantes;5 618;1 685;
78;429;Préfectures de département;DETR;BOISSETS;2021;07/2021 – 11/2021;Aménagement d’un columbarium et d’un jardin du souvenir;12 586;3 776;
78;429;Préfectures de département;DETR;BOISSETS;2021;07/2021 – 11/2021;Réfection et mise aux normes des allées du cimetière;20 641;6 192;
78;429;Préfectures de département;DETR;BOISSETS;2021;07/2021 – 11/2021;Réfection des murs d’enceinte du cimetière et protection des parties sommitales;7 006;2 102;
78;429;Préfectures de département;DETR;BOISSETS;2021;07/2021 – 11/2021;Remplacement des portes et fenêtres de la salle communale;10 865;3 260;
78;429;Préfectures de département;DETR;BOISSY-MAUVOISIN;2021;08/2021 – 10/2021;Mise en sécurité du mur donnant sur l’école;10 200;3 060;
78;429;Préfectures de département;DETR;BONNELLES;2021;11/2021 – 02/2022;Travaux d’isolation thermique des toitures de l’école maternelle et du préau de l’école élémentaire;124 006;37 202;
78;429;Préfectures de département;DETR;Bonnières-sur-Seine;2021;09/2021 – 11/2021;Pose et installation d'une climatisation réversible à l'hôtel de ville et l'accueil de loisirs et d’une pompe à chaleur à la salle de restauration scolaire;102 402;30 721;
78;429;Préfectures de département;DETR;BOUAFLE;2021;09/2021 – 04/2022;Réhabiltation du bâtiment de la Poste en commerce de proximité;369 500;110 850;
78;429;Préfectures de département;DETR;BRUEIL-EN-VEXIN;2021;07/2021 – 08/2022;Rénovation thermique de l’école : isolation et pose d’un faux plafond, de LED et d’une VMC dans les classes et les sanitaires, et isolation thermique extérieure;179 807;71 923;
78;429;Préfectures de département;DETR;BRUEIL-EN-VEXIN;2021;09/2021 – 12/2021;Installation de la vidéoprotection;39 958;11 987;
78;429;Préfectures de département;DETR;BULLION;2021;09/2021 – 05/2022;Installation de 10 caméras de vidéoprotection;117 647;23 529;
78;429;Préfectures de département;DETR;CA RAMBOUILLET TERRITOIRES;2021;10/2021 – 12/2022;Amélioration du chauffage dans le gymnase des Molières aux Essarts le Roi;78 000;23 400;
78;429;Préfectures de département;DETR;CC COEUR D'YVELINES;2021;01/12/2021 – 03/2022;Aménagement de l’entrée, de la voirie et des trottoirs de la zone d’activités PAVY à Saint Germain de la Grange;431 045;113 889;
78;429;Préfectures de département;DETR;CC DU PAYS HOUDANAIS;2021;11/2021 – 05/2022;Aménagement et rénovation des vestiaires du stade à Longnes;318 970;95 690;
78;429;Préfectures de département;DETR;CC HAUTE VALLEE DE CHEVREUSE;2021;08/2021 – 06/2022;Reprise du chemin des Regains : piste cyclable située entre le collège Pierre de Coubertin situé sur la commune de Chevreuse et la gare RER B située sur la commune de Saint Rémy Les Chevreuse;76 715;23 015;
78;429;Préfectures de département;DETR;CC PORTES ILE DE FRANCE;2021;09/2021 – 02/2022;Création d’une ressourcerie à la déchetterie intercommunale;367 434;110 230;
78;429;Préfectures de département;DETR;La Celle-les-Bordes;2021;07/2021 – 08/2021;Travaux d’aménagement à l’école : nivellement du terrain devant les fenêtres de la classe semi-enterrée et remplacement des menuiseries;28 356;8 507;
78;429;Préfectures de département;DETR;La Celle-les-Bordes;2021;07/2021 – 08/2021;Installation d’une alarme incendie dans les locaux scolaires et périscolaires;8 576;2 573;
78;429;Préfectures de département;DETR;CERNAY-LA-VILLE;2021;08/2021 – 09/2021;Mise aux normes d’un des blocs sanitaires sous le préau (sols, cloisons, éclairage) et mise aux normes du restaurant scolaire de l’école élémentaire rue des Moulins;28 729;8 619;
78;429;Préfectures de département;DETR;CHAVENAY;2021;10/2021 – 06/2022;Amélioration et extension du dispositif de vidéoprotection;758 247;117 000;
78;429;Préfectures de département;DETR;CHAVENAY;2021;10/2021 – 10/2021;Installation d’un cabinet médical au club house communal : aménagement des locaux et acquisition de matériel et de mobilier;21 108;6 333;
78;429;Préfectures de département;DETR;CHOISEL;2021;07/2021-10/2021;Rénovation thermique du bâtiment de la mairie : remplacement des portes et des fenêtres;38 801;11 640;
78;429;Préfectures de département;DETR;Civry-la-Forêt;2021;01/09/2021;Construction d’un columbarium et aménagement d’un jardin du souvenir;7 218;2 165;
78;429;Préfectures de département;DETR;CRAVENT;2021;01/11/2021;Installation de la vidéoprotection aux entrées des villages et hameaux ainsi qu’à la mairie, à l’école et à la salle des fêtes;53 933;16 180;
78;429;Préfectures de département;DETR;Crespières;2021;09/2022 – 09/2023;Isolation extérieure et changement de fenêtres sur les deux anciens bâtiments scolaires situés rue Saint Martin au sein de l’école primaire;190 000;57 000;
78;429;Préfectures de département;DETR;ECQUEVILLY;2021;09/2021 – 12/2021;Extension du système de vidéoprotection aux entrées de la ville;104 739;20 991;
78;429;Préfectures de département;DETR;Les Essarts-le-Roi;2021;07/2021 – 10/2021;Acquisition de TNI et de matériel informatique pour les 9 classes des 2 écoles maternelles et pour les 19 classes des écoles élémentaires;133 041;27 459;
78;429;Préfectures de département;DETR;FALAISE;2021;07/2021 – 09/2021;Equipement en TNI et en matériel informatique de l’école Les Trois Tilleuls;14 666;5 867;
78;429;Préfectures de département;DETR;FONTENAY-LE-FLEURY;2021;07/2021 – 08/2021;Remplacement de l’éclairage actuel par des LED au gymnase du Levant;52 866;15 860;
78;429;Préfectures de département;DETR;FONTENAY-MAUVOISIN;2021;06/2021 – 07/2021;Fourniture et pose de menuiseries extérieures isolantes à la mairie;10 698;3 210;
78;429;Préfectures de département;DETR;Fontenay-Saint-Père;2021;07/2021 – 08/2021;Mise en conformité de deux classes élémentaires à l’école (réfection du sol et des peintures, remplacement des fenêtres, mise en place de LED et remplacement des lavabos);30 416;7 727;
78;429;Préfectures de département;DETR;FRENEUSE;2021;07/2021 – 09/2021;Aménagement de bureaux dans l’annexe de la mairie;59 019;17 706;
78;429;Préfectures de département;DETR;GAMBAIS;2021;06/2021 – 07/2021;Installation de 15 caméras de vidéoprotection dans le centre ville de la commune;39 809;11 943;
78;429;Préfectures de département;DETR;GAMBAIS;2021;06/2021 – 08/2021;Création d’un terrain multisports;77 740;23 322;
78;429;Préfectures de département;DETR;GARGENVILLE;2021;06/2021 – 09/2021;Rénovation énergétique et thermique de l’école élémentaire Molière, de l’école maternelle Arc en Ciel, du gymnase du Parc et du poste de police municipale;147 710;44 313;
78;429;Préfectures de département;DETR;GARGENVILLE;2021;06/2021 – 08/2021;Equipement en TNI et en matériel informatique des écoles maternelles et élémentaires Couvry, Molière et Corneille;16 636;6 000;
78;429;Préfectures de département;DETR;GOMMECOURT;2021;07/2021 – 12/2022;Rénovation énergétique de la salle communale;294 346;117 738;
78;429;Préfectures de département;DETR;Goupillières;2021;01/07/2021;Remplacement et rénovation des baies vitrées de la salle des fêtes;14 922;5 969;
78;429;Préfectures de département;DETR;GOUSSONVILLE;2021;10/2021 – 10/2021;Réfection de la cour de l’école;33 250;9 975;
78;429;Préfectures de département;DETR;GROSROUVRE;2021;08/2021 – 12/2021;Acquisition d’un environnement numérique de travail, d’écrans numériques et de remise à niveau du réseau informatique;20 820;6 857;
78;429;Préfectures de département;DETR;GROSROUVRE;2021;07/2021 – 08/2021;Rénovation et isolation des toitures de l’école;31 982;6 297;
78;429;Préfectures de département;DETR;GUITRANCOURT;2021;12/2021 – 01/2022;Extension de la vidéoprotection par l’implantation de 8 nouvelles caméras;39 994;11 998;
78;429;Préfectures de département;DETR;HERMERAY;2021;09/2021 – 10/2021;Travaux de consolidation du mur de soutènement de la mairie;40 700;12 210;
78;429;Préfectures de département;DETR;HOUDAN;2021;09/2021 – 07/2022;Rénovation des menuiseries extérieures de l’hôtel de ville, remplacement de la chaudière à gaz du bâtiment des services techniques et rénovation thermique du bâtiment B de l’école primaire;322 488;91 909;
78;429;Préfectures de département;DETR;HOUDAN;2021;09/2021 – 03/2022;Remplacement de l’éclairage public actuel par des LED;175 000;52 500;
78;429;Préfectures de département;DETR;ISSOU;2021;01/06/2021;Création d'une aire multisports de fitness en accès libre;13 531;4 059;
78;429;Préfectures de département;DETR;JAMBVILLE;2021;01/09/2021;Acquisition et installation d’un vidéoprojecteur interactif dans la classe de CE1/CE2;3 305;1 322;
78;429;Préfectures de département;DETR;JAMBVILLE;2021;01/09/2021;Changement de deux chaudières et remplacement de neuf ballons d’ECS électriques au groupe scolaire situé rue du Regard;71 311;28 928;
78;429;Préfectures de département;DETR;JOUARS-PONTCHARTRAIN;2021;06/2021 – 06/2022;Aménagement d’un parc de loisirs intergénérationnel et des abords (1ère et 2ème phases);395 895;117 000;
78;429;Préfectures de département;DETR;JOUY-MAUVOISIN;2021;01/09/2021;Acquisition et installation d’un tableau numérique interactif pour la classe maternelle de l’école primaire;4 845;1 706;
78;429;Préfectures de département;DETR;Lévis-Saint-Nom;2021;01/07/2021;Remplacement des lanternes par des luminaires LED parking de l’Yvette et route de l’Yvette;16 044;4 813;
78;429;Préfectures de département;DETR;LIMETZ-VILLEZ;2021;01/10/2021;Mise aux normes acoustiques du restaurant scolaire et d’une classe de maternelle;17 038;5 112;
78;429;Préfectures de département;DETR;LIMETZ-VILLEZ;2021;01/10/2021;Equipement en TNI et en matériel informatique d’une classe à l’école élémentaire;2 885;1 154;
78;429;Préfectures de département;DETR;Livarot-Pays-d'Auge;2021;12/2021 – 01/2022;Isolation des façades et des combles du club house;54 333;16 299;
78;429;Préfectures de département;DETR;LOMMOYE;2021;10/2021 – 01/2022;Rénovation de l’église Saint-Léger : fornitures de gouttières en cuivre côté nord, pose de tuyaux d’évacuation des eaux pluviales et remise en état de la couverture;12 358;3 707;
78;429;Préfectures de département;DETR;LONGNES;2021;09/2021 – 09/2022;Réfection de la toiture de l’église (tranche 2 : nef);408 368;82 020;
78;429;Préfectures de département;DETR;LONGVILLIERS;2021;01/09/2021;Restauration de la toiture de la toiture de la sacristie-chaufferie de l’église Saint Pierre;7 990;3 196;
78;429;Préfectures de département;DETR;MARCQ;2021;01/10/2021;Remplacement des volets de la mairie par des volets aluminium isolants;9 600;2 880;
78;429;Préfectures de département;DETR;MAULE;2021;08/2021 – 09/2021;Remplacement de la chaudière de la mairie et des radiateurs;60 172;19 200;
78;429;Préfectures de département;DETR;MAULE;2021;12/2021 – 03/2022;Extension du cimetière et du columbarium;287 388;86 250;
78;429;Préfectures de département;DETR;MAULETTE;2021;09/2021 – 05/2022;Création d’un parc multi-activités sportives route de Gambais;890 085;72 000;
78;429;Préfectures de département;DETR;MAURECOURT;2021;01/08/2021;Mise aux normes d’accessibilité du cimetière communal : réfection de l’entrée;17 290;5 187;
78;429;Préfectures de département;DETR;Médan;2021;01/07/2021;Equipement d’une classe élémentaire en TNI au groupe scolaire Emile Zola;2 999;1 200;
78;429;Préfectures de département;DETR;Médan;2021;01/01/2022;Création d’un sanitaire PMR au rez-de- chaussée de la mairie;28 500;4 707;
78;429;Préfectures de département;DETR;Méré;2021;10/2021 – 11/2021;Installation d’une pompe à chaleur réversible sur la micro-crèche située au 2 rue du Colombier;8 371;2 512;
78;429;Préfectures de département;DETR;Méré;2021;08/2021 – 08/2021;Installation d’un éclairage homologué sur les trois courts de tennis;31 556;9 467;
78;429;Préfectures de département;DETR;Le Mesnil-le-Roi;2021;09/2021 – 12/2021;Réfection de la toiture et isolation des murs par l’extérieur du bâtiment de logements communaux situé au 4-6 rue Jean Jaurès;234 306;77 321;
78;429;Préfectures de département;DETR;Le Mesnil-Saint-Denis;2021;06/202109/2022;Construction d’un accueil collectif de mineurs (centre de loisirs);2 257 338;117 000;
78;429;Préfectures de département;DETR;MEULAN-EN-YVELINES;2021;06/2021 – 09/2021;Mise à niveau de système d’information communal, sécurisation des liaisons des bâtiments communaux extérieurs au serveur principal et d’accès sécurisés nécessaires au télétravail;35 896;10 769;
78;429;Préfectures de département;DETR;MILLEMONT;2021;09/2021 – 12/2021;Restauration du lavoir municipal;63 706;19 111;
78;429;Préfectures de département;DETR;MOISSON;2021;10/2021 – 03/2022;Mise en place d’un système de vidéoprotection comprenant 9 caméras;149 721;36 973;
78;429;Préfectures de département;DETR;MOISSON;2021;01/09/2021;Mise à jour de l’environnement informatique dans le cadre de l’adhésion au dispositif Actes;1 499;600;
78;429;Préfectures de département;DETR;MOUSSEAUX-SUR-SEINE;2021;06/2022 – 12/2022;Extension et rénovation de la mairie avec mise aux normes d’accessibilité;210 000;63 000;
78;429;Préfectures de département;DETR;Neauphle-le-Château;2021;07/2021 – 09/2022;Création d’un pôle paramédical et associatif et d’un parking;1 300 000;117 000;
78;429;Préfectures de département;DETR;Neauphle-le-Château;2021;07/2021 – 09/2021;A la mairie, remplacement de la chaudière et au stade, remplacement de la chaudière et du préparateur d’eau chaude sanitaire;40 793;12 238;
78;429;Préfectures de département;DETR;NEAUPHLE-LE-VIEUX;2021;01/07/2021;Mise en accessibilité PMR de la salle des fêtes par la cour à l’arrière de la mairie;8 090;2 427;
78;429;Préfectures de département;DETR;NOTRE-DAME-DE-LA-MER;2021;11/2021 – 12/2021;Remplacement des fenêtres, portes, velux et store de la maison communale et changement de la porte de la salle des fêtes, place de la Mairie;28 747;8 624;
78;429;Préfectures de département;DETR;OINVILLE-SUR-MONTCIENT;2021;10/2021 – 10/2022;Mise en place d’un système de vidéoprotection;79 165;23 750;
78;429;Préfectures de département;DETR;ORGERUS;2021;06/2021 – 12/2024;Renouvellement et mise en conformité de l’éclairage public;504 160;110 975;
78;429;Préfectures de département;DETR;Poigny-la-Forêt;2021;07/2021 – 08/2021;Travaux de rénovaion thermique, d’économie d’énergie et de mise aux normes d’une salle de classe à l’école primaire;40 808;12 242;
78;429;Préfectures de département;DETR;RAIZEUX;2021;12/2020 – 04/2021;Extension du réseau de vidéoprotection;61 392;18 418;
78;429;Préfectures de département;DETR;RICHEBOURG;2021;07/2021 – 08/2021;Remplacement de toutes les fenêtres de la mairie;33 060;9 918;
78;429;Préfectures de département;DETR;RICHEBOURG;2021;07/2021 – 08/2021;Remplacement des luminaires de l’éclairage public par des LED route de Gressey, rue de la Juiverie et rue Saint Georges;19 308;5 792;
78;429;Préfectures de département;DETR;Rochefort-en-Yvelines;2021;09/2021 – 10/2024;Restauration des toitures de la nef et du collatéral de l’église Saint-Gilles – Notre Dame de l’Assomption;706 228;117 000;
78;429;Préfectures de département;DETR;ROSAY;2021;10/2021 – 03/2022;Isolation thermique du bâtiment, remplacement des systèmes de production de chauffage et remplacement des menuiseries du complexe mairie-école;294 894;104 000;
78;429;Préfectures de département;DETR;ROSNY-SUR-SEINE;2021;07/2021 – 06/2022;Aménagement d’une cuisine centrale dans l’office de réchauffage de l’école de la Justice;430 000;117 000;
78;429;Préfectures de département;DETR;Saint-Lambert-des-Bois;2021;07/2021 – 06/2022;Rénovation énergétique de l’école : remplacement de menuiseries extérieures, isolation intérieure des murs extérieurs, création d’une nouvelle installation de chauffage, mise en place d’une ventilation simple flux);150 000;45 000;
78;429;Préfectures de département;DETR;Saint-Cyr-l'École;2021;09/2021 – 12/2021;Mise aux normes PMR de sept quais de bus;65 818;19 745;
78;429;Préfectures de département;DETR;Saint-Léger-en-Yvelines;2021;09/2021 - 11/2021;Création d’un parcours sportif à la mare Gautier (mise en place de 10 agrès en bois);15 480;4 644;
78;429;Préfectures de département;DETR;Saint-Léger-en-Yvelines;2021;09/2021 - 11/2021;Restauration et isolation de la toiture du bâtiment attenant à l’église (logement communal et garage);55 209;16 563;
78;429;Préfectures de département;DETR;SAINT-MARTIN-LA-GARENNE;2021;08/2021 – 09/2021;Acquisition et installation de quatre tableaux numériques pour l’école des Garennes;11 429;4 572;
78;429;Préfectures de département;DETR;Saint-Rémy-l'Honoré;2021;09/2021 – 09/2022;Isolation thermique de l’épicerie communale : réfection de la toiture et remplacement des fenêtres;75 743;22 723;
78;429;Préfectures de département;DETR;Saint-Rémy-l'Honoré;2021;09/2021 – 09/2022;Remplacement des fenêtres des bâtiments communaux;41 899;12 570;
78;429;Préfectures de département;DETR;SEPTEUIL;2021;07/2021 – 10/2021;Remplacement de la chaudière au centre périscolaire, changement des menuiseries extérieures et réfection des peintures intérieures de la mairie;28 965;8 690;
78;429;Préfectures de département;DETR;SIGEIS;2021;07/2021 – 08/2021;Rénovation partielle de la toiture du bâtiment de l’école Georges Bruhat à Dammartin en Serve;11 303;3 391;
78;429;Préfectures de département;DETR;SIGEIS;2021;07/2021 – 08/2021;Installations de châssis de toits isolants sur le bâtiment de l’école Georges Bruhat situé à Dammartin en Serve;5 223;1 567;
78;429;Préfectures de département;DETR;SIVOM ABC;2021;09/2021 – 03/2022;Réfection de la toiture du préau en ardoises de l’école élémentaire de Bourdonné;23 269;9 308;
78;429;Préfectures de département;DETR;SIVOM Mesnil;2021;01/08/2021;Rénovation du revêtement de sol en résine de la grande salle du gymnase Philippe de Champaigne au Mesnil Saint Denis;69 239;20 772;
78;429;Préfectures de département;DETR;SIVOS Boinvilliers -Flacourt -Rosay- Villette;2021;08/2021 – 09/2021;Acquisition de classes numériques mobiles pour les écoles de Boinvilliers et Rosay;16 550;6 620;
78;429;Préfectures de département;DETR;SIVOS BOISSY MAUVOISIN - MENERVILLE;2021;07/2021 – 08/2021;Acquisition de deux vidéoprojecteurs interactifs pour l’école de Boissy Mauvoisin;3 400;1 360;
78;429;Préfectures de département;DETR;SIVOS Bréval-Neauphlette;2021;01/07/2021;Acquisition et installation d’un VPI à l’école élémentaire de Bréval;2 975;1 190;
78;429;Préfectures de département;DETR;SIVS BOINVILLE;2021;07/2021 – 08/2021;Remplacement des radiateurs du restaurant scolaire situé à Breuil Bois Robert;2 765;830;
78;429;Préfectures de département;DETR;SIVSCP;2021;01/10/2021;Equipement des terrains de football et des terrains de tennis en LED;57 045;17 114;
78;429;Préfectures de département;DETR;SONCHAMP;2021;01/10/2021;Remplacement des portes du gymnase;26 685;8 006;
78;429;Préfectures de département;DETR;Tacoignières;2021;06/2021 – 10/2021;Mise en place d’un système de vidéoprotection comprenant 12 caméras;64 527;19 358;
78;429;Préfectures de département;DETR;Tacoignières;2021;06/2021 – 10/2021;Installation de luminaires LED sur l’ensemble du territoire communal en remplacement des 211 luminaires à lampe sodium;143 777;43 133;
78;429;Préfectures de département;DETR;Le Tertre-Saint-Denis;2021;03/2022 – 04-2022;Mise en accessibilité PMR du cimetière communal;98 525;29 558;
78;429;Préfectures de département;DETR;TESSANCOURT-SUR-AUBETTE;2021;01/12/2021;Mise aux normes PMR des accessibilités à l’école, aux cours de l’école et au centre de loisirs;45 745;13 724;
78;429;Préfectures de département;DETR;THIVERVAL-GRIGNON;2021;07/2021 – 08 /2021;Remplacement de TNI à l’école primaire et d’un PC à l’école maternelle;11 301;4 521;
78;429;Préfectures de département;DETR;THOIRY;2021;11/2021 – 12/2023;Réhabilitation des bâtiments communaux (église, espace sportif, logements communaux) et aménagement de parkings;291 685;80 166;
78;429;Préfectures de département;DETR;TOUSSUS-LE-NOBLE;2021;07/2021 – 08/2021;Installation d’un columbarium;3 670;1 101;
78;429;Préfectures de département;DETR;VAUX-SUR-SEINE;2021;09/2021 – 02/2022;Extension du réseau de vidéoprotection;122 997;36 899;
78;429;Préfectures de département;DETR;La Villeneuve-en-Chevrie;2021;09/2021 – 10/2021;Installation de la vidéoprotection à la mairie, au foyer communal et rue de Bonnières;14 233;4 270;
78;429;Préfectures de département;DETR;VILLIERS-LE-MAHIEU;2021;06/2021 – 12/2021;Mise en place de 14 caméras de vidéoprotection (tranche 1 : mairie, école, église, cimetière, voies piétonnes le long du stade et citystade – tranches complémentaires : entrées et sorties de ville);209 397;41 878;
78;429;Préfectures de département;DETR;VILLIERS-LE-MAHIEU;2021;06/2021 – 12/2021;Réfection et isolation de la toiture du bâtiment de la cantine de l’école et remplacement de la VMC;19 963;5 989;
78;429;Préfectures de département;DETR;SIVS Boinville en Mantois;2020;;Equipement d’une classe maternelle de l’école de Boinville en Mantois en vidéoprojection;2360;944;257 803 023
78;429;Préfectures de département;DETR;Syndicat intercommunal des eaux de la région de Bonnières;2020;;Construction d’une usine de décarbonatation;340098;102 029;257 803 064
78;429;Préfectures de département;DETR;SIVOS Pointe du Diamant;2020;;Remplacement du TNI de la classe de CM2 de l’école de Boinville le Gaillard;2233;892;200 064 400
78;429;Préfectures de département;DETR;SIVOS Boinvilliers-Flacourt-Rosay-Villette;2020;;Acquisition d’un vidéoprojecteur interactif pour l’école de Boinvilliers;2979;1 192;257 825 562
78;429;Préfectures de département;DETR;Communauté de communes Les Portes de l’Ile de France;2020;;Aménagement d’une Maison France Services au sein des locaux annexes de la communauté de communes à Bonnières sur Seine;139804;69 902;200 071 074
78;429;Préfectures de département;DETR;Communauté de communes Les Portes de l’Ile de France;2020;;Création d’une déchetterie intercommunale sur la ZAC Les Portes de l’Ile de France;2275923;195 000;200 071 074
78;429;Préfectures de département;DETR;Les Alluets-le-Roi;2020;;Restauration de l’église Saint Nicolas (tranches ferme et optionnelles 1 et 2);1240803;117 000;78 010
78;429;Préfectures de département;DETR;ANDELU;2020;;Installation d’une pompe à chaleur à l’école élémentaire Mireille Poupart;21786;6 536;78 013
78;429;Préfectures de département;DETR;Andrésy;2020;;Création d’un gymnase et de salles associatives en centre ville;2020500;117 000;78 015
78;429;Préfectures de département;DETR;Arnouville-les-Mantes;2020;;Installation de la vidéoprotection à la salle polyvalente Jules Duport;5541;1 662;78 020
78;429;Préfectures de département;DETR;Arnouville-les-Mantes;2020;;Acquisition d’un tableau numérique interactif pour l’école;2984;1 194;78 020
78;429;Préfectures de département;DETR;Aulnay-sur-Mauldre;2020;;Rénovation de l’église Saint-Etienne (1ère et 2ème tranches);428428;66 743;78 033
78;429;Préfectures de département;DETR;Aulnay-sur-Mauldre;2020;;Rénovation thermique de l’école : remplacement des menuiseries extérieures;123140;36 942;78 033
78;429;Préfectures de département;DETR;BAZAINVILLE;2020;;Restauration du clocher et du choeur de l’église Saint Georges Saint Nicolas;392969;117 000;78 048
78;429;Préfectures de département;DETR;BAZAINVILLE;2020;;Réhabilitation et amélioration des performances énergétiques de la salle polyvalente l’Atelier;488295;117 000;78 048
78;429;Préfectures de département;DETR;BAZEMONT;2020;;Rénovation et agrandissement, au sein de l’école La Fraternelle, de la cantine et de la garderie;51773;15 532;78 049
78;429;Préfectures de département;DETR;Bazoches-sur-Guyonne;2020;;Création d’une nouvelle salle de classe et extension de la petite salle près de l’entrée;484000;195 000;78 050
78;429;Préfectures de département;DETR;Béhoust;2020;;Extension de l’école primaire : création d’une salle de classe, aménagements de sanitaires et de l’entrée;255280;105 064;78 053
78;429;Préfectures de département;DETR;BLARU;2020;;Acquisition d’un tableau numérique interactif pour la classe de CP/CE1;4249;1 700;78 068
78;429;Préfectures de département;DETR;BLARU;2020;;Acquisition de 12 tablettes numériques;1680;672;78 068
78;429;Préfectures de département;DETR;La Boissière-École;2020;;Réhabilitation et extension du centre de loisirs;327300;43 760;78 077
78;429;Préfectures de département;DETR;BONNELLES;2020;;Travaux d’isolation thermique de l’école maternelle par la création d’une isolation sous toiture;49920;19 968;78 087
78;429;Préfectures de département;DETR;BOUAFLE;2020;;Extension de l’école maternelle Le Cèdre;273757;82 127;78 090
78;429;Préfectures de département;DETR;Bourdonné;2020;;Construction d’un conservatoire des Vieux outils/musée agricole;1070167;117 000;78 096
78;429;Préfectures de département;DETR;BULLION;2020;;Extension du columbarium;18339;5 502;78 120
78;429;Préfectures de département;DETR;BULLION;2020;;Equipement en TNI des classes maternelle et élémentaires;4807;1 923;78 120
78;429;Préfectures de département;DETR;Carrières-sur-Seine;2020;;Construction d’une maison médicale;2735000;117 000;78 124
78;429;Préfectures de département;DETR;Carrières-sur-Seine;2020;;Réhabilitation et transformation de la cuisine existante en office de remise en température et acquisition d’équipements à l’école élémentaire Jacques Prévert;380791;114 237;78 124
78;429;Préfectures de département;DETR;Cernay-la-Ville;2020;;Installation de panneaux solaires photovoltaïques sur les toitures des écoles maternelle et élémentaire;39110;15 644;78 128
78;429;Préfectures de département;DETR;Châteaufort;2020;;Agrandissement du centre de loisirs Les Quatre Saisons;71860;21 558;78 143
78;429;Préfectures de département;DETR;Crespières;2020;;Equipement de sept salles en tableaux numériques interactifs et de nouveaux ordinateurs compatibles pour l’école Emilie Le Châtelet;20166;8 066;78 189
78;429;Préfectures de département;DETR;Dammartin-en-Serve;2020;;Aménagement d’un trottoir accessible PMR entre la salle polyvalente et la mairie rue François Coënt;39747;11 924;78 192
78;429;Préfectures de département;DETR;DROCOURT;2020;;Mise à niveau et renouvellement du système de vidéo protection;31790;9 537;78 202
78;429;Préfectures de département;DETR;ECQUEVILLY;2020;;Création de deux cabinets médicaux au sein du Pavillon des Anciens;39410;11 823;78 206
78;429;Préfectures de département;DETR;Les Essarts-le-Roi;2020;;Extension du cimetière, du columbarium, mise aux normes du jardin du souvenir et réalisation d’une rampe PMR;86998;26 099;78 220
78;429;Préfectures de département;DETR;Fontenay-le-Fleury;2020;;Création de pare-soleils orientables électriques à l’école élémentaire Victor Hugo;75850;33 585;78 242
78;429;Préfectures de département;DETR;Fontenay-le-Fleury;2020;;Construction d’un ascenseur accessible aux PMR desservant les locaux des praticiens de santé et les commerces de la place Cormier;173756;52 127;78 242
78;429;Préfectures de département;DETR;Fontenay-Saint-Père;2020;;Sécurisation du parking du Moutier situé rue Pasteur et des terrains de tennis au terrain communal situé rue de Meulan;8025;2 408;78 246
78;429;Préfectures de département;DETR;GUITRANCOURT;2020;;Mise en place d’un système de vidéo protection sur la commune;77722;23 317;78 296
78;429;Préfectures de département;DETR;HERBEVILLE;2020;;Acquisition d’un tracteur;48000;14 400;78 305
78;429;Préfectures de département;DETR;HOUDAN;2020;;Extension du columbarium;11004;3 301;78 310
78;429;Préfectures de département;DETR;HOUDAN;2020;;Extension du système de vidéoprotection : installation de neuf capteurs supplémentaires aux ronds-points des rues d’Epernon, d’Anet et de Paris;67800;20 340;78 310
78;429;Préfectures de département;DETR;ISSOU;2020;;Mise aux normes d’accessibilité de la mairie, du groupe scolaire Les 4 Eléments (maternelle Plein Ciel et élémentaire 4 Eléments), du groupe scolaire Famy (écoles maternelle et élémentaire), du relais d’assistantes maternelles et du complexe Colette Besson (salle Maurice Ravel et gymnase);89271;26 781;78 314
78;429;Préfectures de département;DETR;JAMBVILLE;2020;;Mise en accessibilité de la mairie et de l’église;16427;4 928;78 317
78;429;Préfectures de département;DETR;Jouars-Pontchartrain;2020;;Aménagement de salles de classe dans le bâtiment JP4;234993;70 498;78 321
78;429;Préfectures de département;DETR;JUMEAUVILLE;2020;;Restauration de la voûte de la nef de l’église Saint-Pierre-ès-Liens (tranches 1 à 3);404627;117 000;78 325
78;429;Préfectures de département;DETR;Lévis-Saint-Nom;2020;;Réalisation d’une piste de Pumptrack;48884;14 665;78 334
78;429;Préfectures de département;DETR;Limetz-Villez;2020;;Mise en place d’un dispositif de 14 caméras de vidéoprotection;84534;25 360;78 337
78;429;Préfectures de département;DETR;Limetz-Villez;2020;;Construction d’un columbarium de 9 places;4545;1 364;78 337
78;429;Préfectures de département;DETR;Les Loges-en-Josas;2020;;Remplacement d’une chaudière fioul par une chaudière à gaz à l’école maternelle;40971;20 486;78 343
78;429;Préfectures de département;DETR;Les Loges-en-Josas;2020;;Remplacement des huisseries et création de deux VMC à la mairie;67669;33 835;78 343
78;429;Préfectures de département;DETR;LOMMOYE;2020;;Acquisition d’un tableau numérique interactif pour une classe élémentaire de l’école des Ormes;3080;1 232;78 344
78;429;Préfectures de département;DETR;LOMMOYE;2020;;Création d’un columbarium et aménagement des abords;23970;7 191;78 344
78;429;Préfectures de département;DETR;LONGNES;2020;;Réfection de la toiture de l’église (tranche 1 : choeur et chapelles);334151;131 990;78 346
78;429;Préfectures de département;DETR;Mareil-le-Guyon;2020;;Travaux de charpente et de couverture de l’église Saint Martin;175620;52 686;78 366
78;429;Préfectures de département;DETR;Mareil-Marly;2020;;Acquisition d’un VNI pour la 9ème classe de l’école élémentaire Les Violettes;2965;1 186;78 367
78;429;Préfectures de département;DETR;Mareil-Marly;2020;;Remplacement des menuiseries extérieures de la mairie (bureau du maire et côté rue Tellier Frères);102540;30 762;78 367
78;429;Préfectures de département;DETR;MAURECOURT;2020;;Equipement en TNI de deux classes élémentaires des écoles des Tilleuls et de la Cerisaie;11991;4 000;78 382
78;429;Préfectures de département;DETR;Médan;2020;;Extension de la cour et la construction d'un préau à l'école Emile Zola;243797;73 139;78 384
78;429;Préfectures de département;DETR;MONDREVILLE;2020;;Création d’un accès PMR pour une salle de classe élémentaire et installation d’une plateforme monte-escalier;25000;7 500;78 413
78;429;Préfectures de département;DETR;MONTAINVILLE;2020;;Remplacement de la couverture du lavoir;14252;4 276;78 415
78;429;Préfectures de département;DETR;MORAINVILLIERS;2020;;Conservation, mise en valeur, renaturation d'une mare aux abords de la mairie de Morainvilliers avec la création d'un parc thématique autour des thèmes environnementaux et mise en place d’une circulation douce (Jardin aux Libellules);73485;22 046;78 431
78;429;Préfectures de département;DETR;Neauphle-le-Vieux;2020;;Equipement de deux classes élémentaires en TNI;2690;1 076;78 443
78;429;Préfectures de département;DETR;Oinville-sur-Montcient;2020;;Création d’espaces de fitness de plein air dans le parc de la coulée verte;29523;8 857;78 460
78;429;Préfectures de département;DETR;LE PECQ;2020;;Déploiement d’un système de vidéoprotection (1ère tranche : 16 caméras);318278;95 484;78 481
78;429;Préfectures de département;DETR;Pontonx-sur-l'Adour;2020;;Rénovation thermique et isolation du bâtiment de l’ancienne Poste, situé 9 avenue Simon Vouet, afin d’y accueillir certains services communaux (direction culturelle);116750;46 700;78 502
78;429;Préfectures de département;DETR;Pontonx-sur-l'Adour;2020;;Rénovation énergétique de l’Hôtel de Ville;493093;117 000;78 502
78;429;Préfectures de département;DETR;La Queue-lez-Yvelines;2020;;Acquisition d’un TNI pour l’ouverture du 7ème classe à l’école Marcel Bouquet;2759;1 104;78 513
78;429;Préfectures de département;DETR;RAIZEUX;2020;;Reconstruction du ponceau Sainte Catherine;222394;66 718;78 516
78;429;Préfectures de département;DETR;Rosny-sur-Seine;2020;;Renouvellement des TNI pour 6 classes des écoles élémentaires;18555;7 422;78 531
78;429;Préfectures de département;DETR;Rosny-sur-Seine;2020;;Aménagement de locaux existants pour augmenter le nombre de cabinets médicaux;69454;33 736;78 531
78;429;Préfectures de département;DETR;Rosny-sur-Seine;2020;;Aménagement d’un boulodrome;8200;2 460;78 531
78;429;Préfectures de département;DETR;SAILLY;2020;;Acquisition d’un tableau numérique interactif pour l’école;3200;1 280;78 536
78;429;Préfectures de département;DETR;Saint-Cyr-l'École;2020;;Mise en accessibilité du bâtiment n° 2 de l’école élémentaire Romain Rolland;182849;57 000;78 545
78;429;Préfectures de département;DETR;Saint-Cyr-l'École;2020;;Réaménagement du terrain d’honneur en herbe n° 1 au parc Maurice Leluc;402000;117 000;78 545
78;429;Préfectures de département;DETR;Saint-Germain-en-Laye;2020;;Extension de la vidéoprotection (places Vauban, Royale et Detaille, rues Péreire/Priolet, Thiers/Lenôtre, Ampère/Guynemer, Saint Léger, Giraud/Teulon et écoquartier Lisière Péreire);245590;73 677;78 551
78;429;Préfectures de département;DETR;Saint-Illiers-le-Bois;2020;;Mise aux normes du restaurant scolaire;13916;4 175;78 559
78;429;Préfectures de département;DETR;Saint-Léger-en-Yvelines;2020;;Acquisition d’un tableau numérique interactif pour l’école élémentaire;3717;1 487;78 562
78;429;Préfectures de département;DETR;Saint-Léger-en-Yvelines;2020;;Restauration du beffroi de la mairie et du carillon des heures;31725;9 518;78 562
78;429;Préfectures de département;DETR;Saint-Martin-de-Bréthencourt;2020;;Mise aux normes du groupe scolaire municipal;398931;117 000;78 564
78;429;Préfectures de département;DETR;Saulx-Marchais;2020;;Réhabilitation et extension de la bibliothèque médiathèque;367100;55 065;78 588
78;429;Préfectures de département;DETR;Saulx-Marchais;2020;;Construction d’un centre technique municipal;292521;87 756;78 588
78;429;Préfectures de département;DETR;SEPTEUIL;2020;;Travaux d’équipement en TNI/VPI dans la classe du 1er étage du nouveau bâtiment de l’école élémentaire;2840;1 136;78 591
78;429;Préfectures de département;DETR;SOINDRES;2020;;Extension de l’installation existante de vidéoprotection des espaces publics;4203;1 261;78 597
78;429;Préfectures de département;DETR;SONCHAMP;2020;;Extension du columbarium avec mise aux normes du jardin du souvenir et restauration du mur d’appui;16253;4 876;78 601
78;429;Préfectures de département;DETR;Tacoignières;2020;;Remplacement de 7 sept armoires électriques permettant le passage de l'éclairage public à lampes sodium haute pression à des ampoules LED;52281;15 684;78 605
78;429;Préfectures de département;DETR;Tessancourt-sur-Aubette;2020;;Equipement de cinq classes maternelles et élémentaires en VPI et TNI;15826;6 331;78 609
78;429;Préfectures de département;DETR;Thiverval-Grignon;2020;;Remplacement du tableau numérique interactif à l’école maternelle Les Erables et acquisition d’une « Apple TV »;3074;1 230;78 615
78;429;Préfectures de département;DETR;TILLY;2020;;Création de 10 cases supplémentaires au columbarium;5188;1 557;78 618
78;429;Préfectures de département;DETR;Toussus-le-Noble;2020;;Réfection des toitures terrasses du bâtiment de la mairie;5431;2 716;78 620
78;429;Préfectures de département;DETR;Toussus-le-Noble;2020;;Acquisition d’un tableau numérique interactif pour la classe n° 4 à l’école élémentaire;2840;1 136;78 620
78;429;Préfectures de département;DETR;Triel-sur-Seine;2020;;Remplacement d’une chaudière gaz par une pompe à chaleur et installation de robinets à tête thermostatiques à l’école maternelle des Châtelaines;151950;45 585;78 624
78;429;Préfectures de département;DETR;Verneuil-sur-Seine;2020;;Réhabilitation et isolation du Petit Colombier;69316;20 795;78 642
78;429;Préfectures de département;DETR;VICQ;2020;;Mise aux normes PMR des sanitaires du préau de l’ancienne école;8120;3 248;78 653
78;429;Préfectures de département;DETR;Vieille-Église-en-Yvelines;2020;;Remplacement de 8 fenêtres et de 2 portes de la cantine scolaire et isolation de combles;12635;5 054;78 655
78;429;Préfectures de département;DETR;Vieille-Église-en-Yvelines;2020;;Mise en place du dispositif ACTES et acquisition d’un PC portable;3389;1 356;78 655
78;429;Préfectures de département;DETR;Villiers-le-Mahieu;2020;;Installation d’ouvrants à double vitrage pour les classes 1 et 2 de l’école;28916;11 567;78 681
78;429;Préfectures de département;DETR;Villiers-le-Mahieu;2020;;Installation d’une chaudière à pellets pour la 3ème classe et la garderie;35082;14 033;78 681
78;429;Préfectures de département;DETR;Villiers-le-Mahieu;2020;;Création d’un sanitaire PMR à l’école;22600;9 040;78 681
78;429;Préfectures de département;DPV;MANTES-LA-JOLIE;2020;;Programme de rénovation d'établissements scolaires;333333;266 667;78 361
78;429;Préfectures de département;DPV;MANTES-LA-JOLIE;2020;;Aménagement d’un nouvel équipement sportif de proximité;250000;100 000;78 361
78;429;Préfectures de département;DPV;MANTES-LA-JOLIE;2020;;Création d’un Accueil Collectif de Mineurs (Phase 0);100000;80 000;78 361
78;429;Préfectures de département;DPV;MANTES-LA-JOLIE;2020;;Aménagement d’une « ferme urbaine »;786667;338 167;78 361
78;429;Préfectures de département;DPV;MANTES-LA-JOLIE;2020;;Rénovation du Collectif 12 et de la résidence d’artites;621000;248 400;78 361
78;429;Préfectures de département;DPV;MANTES-LA-JOLIE;2020;;Poursuite des chantiers jeunes;113600;10 000;78 361
78;429;Préfectures de département;DPV;CHANTELOUP-LES-VIGNES;2020;;Construction d'une Cité modulaire sur le site du parc Champeau;3600000;200 000;78 138
78;429;Préfectures de département;DPV;CHANTELOUP-LES-VIGNES;2020;;Réhabilitation et adaptation de locaux pour accueillir le CCAS;225000;160 000;78 138
78;429;Préfectures de département;DPV;CHANTELOUP-LES-VIGNES;2020;;Renforcement accès à la restauration scolaire des enfants des familles en difficulté financières;220000;99 651;78 138
78;429;Préfectures de département;DPV;CHANTELOUP-LES-VIGNES;2020;;Renforcement des moyens d’intervention après rénovation urbaine;136400;53 887;78 138
78;429;Préfectures de département;DPV;CHANTELOUP-LES-VIGNES;2020;;Renforcement de l’accès aux structures municipales de petite enfance pour les personnes en recherche d’emploi;187600;45 000;78 138
78;429;Préfectures de département;DPV;CHANTELOUP-LES-VIGNES;2020;;Accompagnement des publics en difficulté par le service médiation;144000;50 000;78 138
78;429;Préfectures de département;DPV;CHANTELOUP-LES-VIGNES;2020;;Accompagnement et soutien aux parcours de réussite;60000;30 000;78 138
78;429;Préfectures de département;DPV;CHANTELOUP-LES-VIGNES;2020;;Renforcement de l’égalité des chances par l’amélioration de l’accès aux pratiques culturelles;52000;10 000;78 138
78;429;Préfectures de département;DPV;TRAPPES;2020;;Groupe scolaire Georges Sand (Étanchéité toiture terrasse);249000;174 890;78 621
78;429;Préfectures de département;DPV;TRAPPES;2020;;Groupe scolaire Paul Langevin (Réfection couverture, isolation et faux plafonds);330000;243 000;78 621
78;429;Préfectures de département;DPV;TRAPPES;2020;;Groupe scolaire Stendhal (Réhabilitation complète de l’office);220000;157 000;78 621
78;429;Préfectures de département;DPV;LES MUREAUX;2020;;Sécurisation et aménagements dans les écoles prioritaires -Intervention sur plusieurs écoles (Auriol/Macé, Prév,ert, Ferry, etc.) : alarmage, accessibilité, peintures…;107861;84 424;78 440
78;429;Préfectures de département;DPV;LES MUREAUX;2020;;Réfection du terrain synthétique A du stage Léo-Lagrange – Réfection du revêtement synthétique et sécurisation;327276;196 024;78 440
78;429;Préfectures de département;DPV;LES MUREAUX;2020;;Renforcement de l’hygiène et de la sécurité dans les structures d’accueil des enfants issus des QPV;223859;166 114;78 440
78;429;Préfectures de département;DPV;LES MUREAUX;2020;;Soutien à l’apprentissage – Accueil au sein des services de la une trentaine d’apprentis, prise en charge des coûts de formation et de tutorat;395536;237 322;78 440
78;429;Préfectures de département;DPV;LES MUREAUX;2020;;Animation jeunesse dans les QPV;505669;246 000;78 440
78;429;Préfectures de département;DPV;LIMAY;2020;;aménagements spécifiques liés au COVID 19;17056;13 645;78 335
78;429;Préfectures de département;DPV;LIMAY;2020;;Jean Macé élémentaire (Marquage jeux pour malvoyants);800;640;78 335
78;429;Préfectures de département;DPV;LIMAY;2020;;Travaux Ecole Maternelle Kergomard;45072;36 058;78 335
78;429;Préfectures de département;DPV;LIMAY;2020;;Travaux école élémentaire Ferdinand Buisson;50213;40 170;78 335
78;429;Préfectures de département;DPV;LIMAY;2020;;Travaux Ecole maternelle Ferdinand Buisson;14682;11 747;78 335
78;429;Préfectures de département;DPV;La Verrière;2020;;Gymnase de la Fraternité;160084;97 000;78 644
78;429;Préfectures de département;DPV;La Verrière;2020;;Maison de quartier Jacques Miquel;127688;100 000;78 644
78;429;Préfectures de département;DSID;Île-de-France;2020;;Création d’une maison médicale en centre-ville de Maule, rue Saint-Vincent;1937500;992 525;
78;429;Préfectures de département;DSIL;CU GRAND PARIS SEINE ET OISE;2020;;Aménagements de 6 pistes cyclables dans le cadre de la mise en œuvre du schéma directeur cyclable dans les communes suivantes : Rosny-sur-Seine et dans les cinq communes suivantes, dont la maîtrise d’ouvrage est déléguée à l’établissement public d'Aménagement du Mantois Seine Aval (EPAMSA) : Flins-sur-Seine, Aubergenville, Tessancourt-sur-Aubette, Jambville et Brueil-en-Vexin.;2285200;1 041 341;200 059 889
78;429;Préfectures de département;DSIL;JOUY-EN-JOSAS;2020;;Travaux de réhabilitation thermique et énergétique du centre sportif et associatif du Val d’Enfer (isolation par l’extérieur des toitures en zinc, remplacement de l’éclairage par un système d’éclairage de type LED, rénovation du système de distribution de chauffage, remplacement des radiateurs électriques par des radiateurs à accumulation en aluminium, installation de deux ventilations à double flux, réfection des faux plafonds par des panneaux radiants, remplacement des menuiseries extérieures et travaux d’isolation intérieure);829619;306 623;78 322
78;429;Préfectures de département;DSIL;TRAPPES;2020;;Travaux d’extension du groupe scolaire Jean Macé (création de deux classes élémentaires, d’une classe de maternelle et d’un espace dédié à l’accueil périscolaire).;2567325;520 000;78 621
78;429;Préfectures de département;DSIL;CA SAINT-GERMAIN BOUCLES DE SEINE;2020;;Acquisition de deux véhicules électriques et installation d’un système de recharge dans le cadre de l’expérimentation d’une offre de transport dans le centre-ville de la commune de Saint-Germain-en-Laye.;438508;350 806;200 058 519
78;429;Préfectures de département;DSIL;CA SAINT-GERMAIN BOUCLES DE SEINE;2020;;Aménagement de pistes cyclables « tests » sur 4 axes principaux du territoire dans la perspective de création de continuités cyclables définitives;372416;297 933;200 058 519
78;429;Préfectures de département;DSIL;LIMAY;2020;;Création d’une maison de sante interdisciplinaire : acquisition en VEFA (vente en état futur d’achèvement) de locaux et travaux d’aménagement;545683;272 230;78 335
78;429;Préfectures de département;DSIL;CA RAMBOUILLET TERRITOIRES;2020;;Création d’une micro crèche intercommunale de 10 berceaux sur la commune de Cernay-la-Ville;550000;173 000;200 073 344
78;429;Préfectures de département;DSIL;Saint-Rémy-l'Honoré;2020;;Travaux de rénovation thermique du groupe scolaire Clarisse Lebel (remplacement de la chaufferie, pose de robinets thermostatiques, isolation sous rampant de couverture, mise aux normes des éclairages).;285000;148 994;78 576
78;429;Préfectures de département;DSIL;LIMAY;2020;;Travaux d’extension et d’aménagement au sein des écoles élémentaires Henri Wallon et Pauline Kergomard dans le cadre du dédoublement des classes de CP et CE1 de l’éducation prioritaire;157994;126 395;78 335
78;429;Préfectures de département;DSIL;CHATOU;2020;;Travaux de rénovation énergétique du gymnase Finaltéri (installation de deux chaudières à gaz à condensation, pose de doubles-vitrages, travaux d’isolation murale, installation d’un bassin de régulation des eaux pluviales et remplacement des éclairages par des lampes de type LED).;234021;115 000;78 146
78;429;Préfectures de département;DSIL;MANTES-LA-JOLIE;2020;;Rénovation des dispositifs de l’éclairage public en centre-ville en vue de réduire la consommation énergétique.;150000;100 906;78 361
78;429;Préfectures de département;DSIL;LES MUREAUX;2020;;Travaux d’aménagement des classes et acquisition de matériel informatique et de mobilier dans les écoles Emile Zola, Marcel Pagnol, Jean Zay, Pierre Brossolette, Maurice Ravel, Jules Ferry, Roux Calmette, Paul Raoult, Jean Jaurès, Jean Macé, Paul Bert et pôle Molière, dans le cadre du dédoublement des classes de l’éducation prioritaire;132322;105 857;78 440
78;429;Préfectures de département;DSIL;Mousseaux-sur-Seine;2020;;Réhabilitation d'un local associatif, situé 14 bis Grande Rue, pour y aménager 3 logements locatifs avec places de stationnement;491300;105 000;78 437
78;429;Préfectures de département;DSIL;LES MUREAUX;2020;;Travaux de rénovation énergétique de l’Hôtel de ville (installation d’un système de régulation du plancher chauffant, pose de sondes d’ambiance et d’unités centrales, remplacement des néons par des éclairages de type LED).;114000;91 200;78 440
78;429;Préfectures de département;DSIL;MANTES-LA-JOLIE;2020;;Déploiement de l’urbanisme tactique sur les places du centre-ville, en faveur de la piétonisation temporaire, visant à tester des actions et des futurs aménagements de ces espaces;150000;100 750;78 361
78;429;Préfectures de département;DSIL;TRAPPES;2020;;Travaux d’aménagement et création de classes dans les écoles élémentaires Georges Sand, Jules Ferry et Paul Langevin et dans l’école maternelle Maurice Thorez, dans le cadre du dédoublement de classes de CP et CE1 de  l’éducation prioritaire;125520;100 416;78 621
78;429;Préfectures de département;DSIL;MEULAN-EN-YVELINES;2020;;Création d’un city stade en centre-ville (travaux préparatoire du terrain, pose de la structure et remise en état du terrain);188974;100 000;78 401
78;429;Préfectures de département;DSIL;Juziers;2020;;Travaux d'isolation au sein de l'école maternelle du Parc: changement des menuiseries extérieures et pose de stores;253128;141 321;78 327
78;429;Préfectures de département;DSIL;Longnes;2020;;Travaux de rénovation thermique et phonique du réfectoire et mise aux normes de sécurité de l’office de restauration scolaire de l’école municipale;230854;138 000;78 346
78;429;Préfectures de département;DSIL;LES MUREAUX;2020;;Travaux d’aménagement d’un local en cœur de ville, situé 37 rue Paul Doumer, afin de créer un projet partenarial autour des circuits-courts;100000;80 000;78 440
78;429;Préfectures de département;DSIL;Jouars-Pontchartrain;2020;;Aménagement de nouvelles salles de classe pour accueillir les élèves en cours élémentaire au sein du bâtiment Jacques Prévert 4;234993;72 000;78 321
78;429;Préfectures de département;DSIL;LES MUREAUX;2020;;Acquisition de mobilier, travaux de sécurisation et d’équipement extérieur dans les écoles maternelles Henri Wallon, Victor Hugo, Jean Zay, Jules Ferry, Molière, Jacques Prévert, Pierre Brossolette, Jaurès-Macé, Maurice Ravel, Emile Zola et Marcel Pagnol, dans le cadre de l’abaissement de l’âge de l’instruction obligatoire;83506;66 805;78 440
78;429;Préfectures de département;DSIL;CROISSY-SUR-SEINE;2020;;Implantation d’une nouvelle galerie d’art numérique dans les ateliers de Chanorier dans le cadre du dispositif des Micro-folies.;90873;56 932;78 190
78;429;Préfectures de département;DSIL;Tessancourt-sur-Aubette;2020;;Implantation d'un mini stade et d'un plateau d'agrès au sein du parc de l'Aubette;54489;40 000;78 609
78;429;Préfectures de département;DSIL;BEYNES;2020;;Travaux de rénovation et d’isolation des façades du centre culturel « La Barbacane », situé place du 8 mai 1945;484633;387 706;78 062
78;429;Préfectures de département;DSIL;Châteaufort;2020;;Agrandissement du centre de loisirs communal sur l’ancienne poste attenante au bâtiment : travaux de réaménagement des espaces et rénovation de l’extension;71860;29 425;78 143
78;429;Préfectures de département;DSIL;Les Mesnuls;2020;;Travaux de rénovation et mise aux normes énergétiques (toiture, murs et ouvrants) du presbytère situé 15 rue Neuve aux Mesnuls pour créer des logements à loyers très modérés;250200;66 000;78 398
78;429;Préfectures de département;DSIL;LIMAY;2020;;Travaux de rénovation énergétique des bâtiments du centre de loisirs situé avenue Edouard Fossé (réfection de la toiture d’un bâtiment, pose de faïence dans les pièces d’eau, réfection de l’étanchéité de la toiture des bâtiments, réhabilitation complète du logement du gardien).;72531;58 025;78 335
78;429;Préfectures de département;DSIL;POISSY;2020;;Acquisition de 10 vidéoprojecteurs numériques interactifs (VNI) en faveur des écoles Robert Fournier, Blaise Pascal, Michel de Montaigne et Pierre de Ronsard, dans le cadre du dédoublement des classes de CP et CE1 en REP et REP +.;31572;25 257;78 498
78;429;Préfectures de département;DSIL;VIROFLAY;2020;;Remplacement des fenêtres de l’école des Arcades par des fenêtres en double-vitrage;62471;44 546;78 686
78;429;Préfectures de département;DSIL;LES MESNULS;2020;;Travaux de rénovation énergétique des classes de l’école primaire de la commune (isolation du plafond, remplacement des ouvrants et de l’éclairage).;62271;34 817;78 398
78;429;Préfectures de département;DSIL;Toussus-le-Noble;2020;;Travaux d’amélioration énergétique dans le bâtiment de la mairie : remplacement et pose de fenêtres en PVC à double vitrage équipées de volets roulants automatiques et installation d’une VMC double flux dans les sanitaires;32899;26 319;78 620
78;429;Préfectures de département;DSIL;BOUGIVAL;2020;;Remplacement des menuiseries extérieures de la Fondation Bouzemont située 10 rue du Général Leclerc;117515;94 011;78 092
78;429;Préfectures de département;DSIL;VIROFLAY;2020;;Travaux de réhabilitation de la toiture de la bibliothèque municipale située 74 avenue du Général Leclerc (réparation des chéneaux en cuivre, remplacement des ouvrages non conformes, sécurisation et révision de la toiture, travaux d’isolation);120697;86 000;78 686
78;429;Préfectures de département;DSIL;Les Loges-en-Josas;2020;;Rénovation thermique du patio de l’école maternelle : remplacement du vitrage simple par du vitrage à rupture de pont thermique;30322;24 256;78 343
78;429;Préfectures de département;DSIL;POISSY;2020;;1ère phase des travaux de sécurisation et de mise en conformité du site de la Collégiale Notre-Dame et étaiement de son arc boutant n°16 .;76667;23 000;78 498
78;429;Préfectures de département;DSIL;MANTES-LA-JOLIE;2020;;Travaux de rénovation énergétique de plusieurs bâtiments publics : centre technique municipal, groupe scolaire Albert Uderzo, locaux sportifs, logements de fonction, Maison des festivals et Espace Georges Brassens;444602;257 325;78 361
78;429;Préfectures de département;DSIL;BAILLY;2020;;Travaux de rénovation énergétique des chaufferies de la mairie, l’école élémentaire, l’accueil de loisirs sans hébergement (ALSH) de l’école maternelle ainsi que du théâtre, et installation d’une pompe à chaleur pour l’ALSH de l’école maternelle.;199410;65 833;78 043
78;429;Préfectures de département;DSIL;MANTES-LA-JOLIE;2020;;Acquisition de mobilier en faveur des écoles élémentaires Louis Lachenal, Ferdinant Buisson, Jacques Cousteau, Gabrielle Colette, Henri Matisse, Jean Mermoz, Claude Monet, Madame de Sevigné et Jules Verne dans le cadre du dédoublement des classes de CP et CE1 en zone REP et REP +;11096;8 877;78 361
78;429;Préfectures de département;DSIL;CHANTELOUP-LES-VIGNES;2020;;Acquisition de lits superposés pour les dortoirs des écoles maternelles Rimbaud et Dorgelès dans le cadre de l’abaissement de l’âge de l’instruction obligatoire.;7138;5 710;78 138
